Account,ReqMem,Timelimit,ReqNodes,ReqCPUS,QOS,MaxRSS,CPUTimeRAW
CS,76,3,1,32,low,82,27465
Math,108,6,6,25,high,5,42625
Biology,100,9,6,29,low,20,37345
Math,112,6,1,7,normal,87,83792
Math,68,9,3,49,normal,126,24300
Chemistry,5,39,5,3,low,75,47976
Biology,120,31,3,20,high,37,1463
Biology,37,32,3,20,high,22,81442
Biology,72,41,3,53,high,58,81789
Math,127,12,5,30,high,68,40582
CS,106,8,5,35,low,93,71290
Biology,113,8,4,35,low,44,14176
Math,92,28,1,49,normal,34,6192
Chemistry,31,20,5,39,high,77,83435
CS,122,47,5,27,high,42,84519
Chemistry,9,7,4,26,high,9,80159
CS,118,11,6,14,low,106,66538
Math,51,20,4,17,high,95,47646
Physics,29,16,7,18,low,7,23284
CS,78,4,7,45,high,68,59124
Chemistry,40,6,2,52,high,19,30025
Math,41,22,3,29,normal,106,49631
CS,86,26,1,20,high,94,30735
Physics,11,3,8,53,high,31,516
Physics,23,41,9,27,normal,35,66728
Biology,1,42,4,18,low,57,46217
Biology,46,14,6,4,low,85,71834
Chemistry,101,11,9,1,high,61,58756
CS,21,18,6,50,low,31,27857
CS,90,12,9,1,high,83,73871
Biology,110,23,4,58,normal,95,24163
CS,36,12,8,26,normal,53,6009
CS,54,13,9,45,high,32,7988
Physics,87,25,4,20,normal,66,62533
Biology,57,45,5,52,normal,59,3333
Math,1,19,8,23,high,116,66324
Biology,63,46,6,10,high,10,38991
Math,54,36,7,59,normal,2,9874
Physics,55,45,3,11,low,66,82543
Chemistry,115,8,7,41,low,60,85762
CS,40,29,8,41,high,88,36445
Physics,15,32,6,5,high,17,35341
CS,21,44,9,58,low,96,5034
Chemistry,47,18,6,1,normal,16,73325
Chemistry,73,6,9,17,low,16,15690
Physics,53,18,4,22,low,46,67
Chemistry,9,19,8,34,low,39,45247
Math,74,22,4,56,low,117,7534
Chemistry,52,37,2,45,high,31,80640
CS,57,32,9,41,high,107,70153
CS,117,41,5,29,normal,88,59659
CS,26,3,4,4,normal,1,38499
CS,41,28,2,5,normal,11,11773
Math,35,10,1,11,normal,119,49037
Biology,63,35,7,56,low,85,58532
Physics,116,29,6,51,high,4,12941
CS,25,15,2,21,high,71,16933
Chemistry,90,33,8,35,normal,26,56828
CS,75,7,4,12,normal,111,61432
Chemistry,38,12,8,26,low,50,24649
Chemistry,2,30,7,51,low,12,32967
CS,7,21,5,19,normal,95,27778
Math,82,31,8,45,high,81,32568
Chemistry,91,24,9,60,high,97,17175
Chemistry,34,20,5,7,high,75,42599
CS,91,37,5,47,normal,92,59200
Chemistry,17,4,2,55,high,96,13799
Chemistry,43,28,5,7,low,65,65365
CS,59,44,3,26,low,47,17559
CS,108,20,7,40,normal,92,61085
Physics,123,24,5,5,low,53,44238
Math,51,32,8,21,normal,106,65498
Math,54,41,1,14,high,71,179
Chemistry,24,36,3,4,high,2,86007
Math,25,34,3,23,high,106,17119
Chemistry,71,36,9,42,low,24,22617
Physics,52,2,5,20,normal,4,799
CS,70,15,9,15,high,108,7602
CS,117,34,9,50,normal,19,25364
CS,88,36,1,52,high,26,2796
Math,33,6,2,45,low,75,45265
Physics,49,39,5,29,low,40,72834
Math,29,42,4,8,normal,50,3085
Math,63,12,9,41,low,43,76647
Physics,107,3,7,48,low,75,732
Physics,22,45,6,19,normal,109,1130
Physics,26,18,7,48,high,67,28023
Physics,28,40,1,39,low,12,1606
CS,114,21,1,46,normal,67,77507
Biology,85,15,8,28,low,106,44131
Biology,49,33,2,46,low,27,29266
Physics,71,35,9,57,low,113,32331
Biology,81,26,7,27,low,54,68470
Biology,84,8,6,4,normal,66,15188
Physics,105,36,1,58,normal,49,25792
Biology,49,30,1,15,normal,16,70611
Math,20,23,2,35,low,2,39868
Chemistry,118,42,6,37,low,60,894
Chemistry,86,44,6,1,low,54,19774
Physics,92,14,2,3,normal,30,4240
CS,63,14,1,47,low,84,20864
Physics,61,2,5,24,high,38,51416
CS,104,37,5,27,low,28,68969
Chemistry,49,5,2,40,high,25,60431
Physics,71,38,6,63,low,96,1516
Math,1,45,9,61,normal,125,14606
Biology,96,41,2,36,low,10,56241
CS,13,47,2,34,high,60,5587
Biology,94,14,3,29,high,42,31187
Biology,87,39,7,24,low,40,26929
Physics,51,25,6,24,high,97,83088
Biology,123,20,8,42,high,77,20712
Math,56,2,8,4,normal,120,54963
Biology,83,39,6,3,low,105,20040
Physics,62,6,3,34,low,118,36562
Math,32,17,3,57,low,42,75484
Chemistry,30,25,1,49,high,47,81396
Biology,29,28,7,23,low,37,1578
Physics,49,2,5,53,low,118,28351
Chemistry,45,35,4,56,normal,80,33799
Chemistry,93,37,4,52,normal,109,81418
CS,30,5,4,23,normal,22,10786
Math,16,1,6,45,high,57,72228
Biology,40,40,8,5,low,84,61958
Physics,19,12,8,31,normal,114,65432
CS,18,36,5,62,normal,107,17298
Math,1,45,6,53,normal,27,71895
CS,78,23,4,62,low,41,63773
Math,115,47,9,41,low,80,19582
Math,47,31,8,57,low,34,55193
Biology,114,11,1,61,high,32,1463
Math,66,10,2,57,high,90,64174
CS,118,3,9,60,normal,89,15512
Math,92,14,8,54,low,66,76107
Biology,113,16,3,6,normal,12,48666
Biology,114,10,8,37,low,40,44415
CS,94,29,1,57,low,73,81011
Chemistry,38,10,4,10,low,76,72574
Chemistry,51,12,3,40,high,90,13387
Math,63,30,6,7,high,73,54461
Physics,4,41,7,39,low,10,6222
Math,1,1,4,38,normal,96,23475
CS,8,5,7,21,low,121,21046
CS,29,20,9,61,low,98,4923
CS,55,8,2,20,normal,48,22707
CS,103,43,3,3,low,20,42772
CS,3,12,5,51,normal,39,52336
Biology,32,1,3,22,high,60,52950
Chemistry,10,20,8,47,high,66,70715
CS,74,28,8,4,normal,65,15241
Physics,83,43,8,28,high,51,2717
Physics,110,37,9,12,high,124,16575
Physics,34,47,4,38,normal,36,83256
Physics,124,37,5,51,high,24,73718
Biology,97,12,5,63,low,118,44067
Physics,87,37,8,36,low,27,61827
CS,55,44,7,47,normal,2,20214
Math,92,28,9,41,high,31,71917
Physics,32,47,8,5,low,57,66152
Biology,50,15,2,13,low,78,50907
Biology,7,6,4,23,high,66,464
Physics,93,44,6,58,high,29,31974
Math,8,20,2,50,low,15,74695
Physics,65,14,7,30,low,12,20652
Biology,57,2,3,62,normal,101,68695
Chemistry,119,9,3,37,normal,28,20009
CS,67,37,2,25,low,84,70475
Biology,88,20,8,48,normal,125,38186
Physics,87,26,6,27,low,103,74418
CS,59,29,1,51,low,24,71140
Physics,127,1,1,14,normal,21,34981
Physics,125,35,7,57,normal,10,22505
Chemistry,72,6,8,62,high,110,54971
CS,54,37,5,48,high,78,16767
CS,121,5,5,59,high,101,11696
Chemistry,111,33,4,47,low,18,17797
Biology,101,14,6,54,normal,88,42544
Physics,67,12,6,36,low,14,14560
Math,51,42,3,39,normal,34,33140
Physics,97,20,9,16,low,58,8803
Physics,92,24,7,56,high,76,73844
Biology,111,43,1,22,high,22,40206
Physics,8,34,7,21,high,120,34160
Chemistry,34,25,5,54,low,70,11517
Chemistry,35,29,5,21,normal,36,50493
CS,96,39,2,8,normal,45,29087
Math,88,31,4,49,high,36,30481
Physics,78,47,6,16,high,22,52092
Physics,32,43,7,59,high,78,47767
Biology,120,23,5,55,high,127,38738
Chemistry,46,44,9,31,normal,80,9266
Math,107,38,3,42,low,61,70991
CS,16,20,1,10,low,100,15387
Chemistry,68,23,4,32,low,56,37426
CS,116,45,9,59,low,89,43255
Biology,37,16,4,34,high,96,53635
Biology,54,42,2,63,high,33,47663
Physics,85,8,5,62,high,45,75453
Math,14,21,3,9,low,36,10144
CS,95,1,9,17,high,20,15582
Chemistry,55,8,4,11,high,18,67444
Biology,48,29,6,32,normal,38,29425
Physics,82,32,2,10,normal,67,41985
Physics,7,38,6,22,high,23,41506
CS,74,5,3,57,normal,96,62700
Biology,7,47,9,17,normal,109,26958
Math,33,22,2,4,high,123,25465
Biology,23,47,9,48,high,16,23650
CS,85,34,5,52,high,59,42066
CS,19,1,8,47,high,69,34759
Biology,112,26,2,25,low,68,5597
CS,125,43,6,59,low,21,16375
Biology,19,10,3,21,high,104,3776
Chemistry,36,30,5,37,normal,115,27389
Biology,29,18,8,38,high,78,21030
Biology,60,17,1,49,high,103,83982
CS,82,26,5,1,normal,95,53640
CS,2,8,3,63,low,78,14646
Physics,1,47,4,25,high,70,31106
Physics,47,40,2,51,high,12,13669
Chemistry,69,12,9,36,low,16,15961
Physics,20,27,3,17,low,81,11358
Biology,11,8,2,41,normal,109,64605
CS,106,25,9,63,low,87,51797
Physics,127,46,7,24,low,14,15805
Physics,2,4,6,2,low,61,14627
Chemistry,67,33,1,40,normal,71,28133
Chemistry,87,1,5,15,low,46,7952
Biology,119,19,3,32,low,32,6450
CS,12,31,1,39,normal,15,19066
Chemistry,20,16,4,59,low,44,9131
Physics,5,14,2,6,low,17,62288
CS,37,5,2,1,normal,41,51703
CS,38,41,3,47,high,54,36994
Physics,94,26,8,23,normal,111,31876
Chemistry,9,28,8,58,low,44,6055
Physics,98,2,7,39,low,98,48518
CS,53,6,6,61,low,5,76369
Math,44,9,9,62,normal,109,29671
Math,99,33,4,57,low,27,49113
Biology,116,41,1,17,low,116,28308
Physics,122,25,8,34,normal,87,67088
Physics,86,13,7,59,high,104,47923
Biology,108,9,7,41,high,123,63081
Biology,24,13,3,29,low,78,79336
Biology,81,31,4,9,normal,79,26313
CS,74,41,9,13,low,43,66986
Physics,30,11,6,6,normal,97,57609
CS,120,4,5,6,normal,117,40278
Biology,59,34,3,20,high,31,31552
Physics,110,38,9,52,high,99,56598
CS,87,46,5,53,normal,17,45213
CS,96,4,5,3,low,92,9638
Biology,81,38,4,17,high,83,43259
Physics,114,19,4,63,low,110,35694
Biology,115,6,1,49,high,54,9825
Physics,81,34,7,12,high,62,26951
Math,14,18,9,48,low,87,23489
Chemistry,9,13,3,47,high,32,216
Chemistry,40,41,2,45,high,40,11524
Chemistry,66,23,3,55,low,13,75901
Biology,109,19,1,1,high,123,68690
Math,25,45,6,17,high,84,23835
Physics,103,11,7,3,high,35,34475
CS,73,1,2,26,low,5,43067
Physics,118,24,8,15,normal,73,10401
CS,22,7,6,36,low,29,10346
Physics,107,25,4,32,normal,70,33897
Math,110,21,5,32,high,127,85431
CS,4,15,8,4,normal,25,28900
Biology,26,1,3,18,low,95,28230
Physics,58,12,3,49,low,22,5584
Physics,29,7,4,19,high,66,4898
CS,109,15,1,43,normal,45,71538
Biology,98,21,9,52,high,69,4568
Biology,87,19,8,35,high,124,74808
Math,37,29,8,40,low,91,77240
Biology,75,25,6,14,normal,89,13330
Biology,70,33,7,58,normal,72,71793
Biology,18,32,6,33,normal,119,229
Chemistry,85,35,9,14,normal,1,82215
Math,42,44,3,34,high,84,37053
Physics,100,38,3,61,high,44,57770
CS,41,26,3,55,low,87,46033
Physics,38,11,3,4,high,96,33687
Math,34,35,9,24,high,75,76982
CS,17,8,4,59,low,39,63262
Math,37,46,7,29,low,111,2810
Biology,25,14,9,19,low,54,41786
CS,102,10,7,6,high,88,36548
Biology,122,2,9,57,high,75,42819
Physics,76,46,3,33,low,29,71928
Physics,87,9,4,49,low,54,65682
CS,117,3,8,40,low,90,79466
CS,106,21,6,19,high,16,37334
Math,86,26,5,53,high,99,16577
Math,85,8,4,1,normal,20,39406
Biology,27,2,8,5,high,46,73780
CS,57,6,1,27,high,67,31602
Physics,31,28,9,16,high,65,67947
Math,6,29,1,6,low,127,67357
Math,91,26,8,40,high,58,52117
Physics,40,25,4,13,low,53,62895
Math,98,12,9,48,normal,111,34636
Biology,12,5,5,62,normal,1,7466
CS,109,34,3,35,low,81,56755
Physics,121,37,9,19,low,66,85120
CS,53,15,9,12,low,29,38872
Math,71,44,4,16,high,84,62875
Math,10,36,4,59,normal,70,77734
Physics,45,15,8,43,low,8,29512
Biology,17,43,2,10,high,29,80961
Chemistry,26,23,9,25,normal,112,48822
Physics,85,6,6,20,high,51,65777
Chemistry,92,46,9,31,normal,33,70168
Chemistry,62,44,8,4,high,3,75136
Biology,122,43,7,44,normal,60,44463
Chemistry,46,45,1,23,normal,35,61383
Chemistry,64,21,3,2,high,69,32575
Biology,2,23,2,56,low,91,41911
Chemistry,124,43,5,22,normal,108,73532
Chemistry,54,16,5,51,low,76,25187
Chemistry,107,47,5,57,high,84,22814
Physics,65,15,4,37,low,109,78813
Physics,51,25,5,8,low,20,85526
Physics,53,36,3,7,low,73,78283
Biology,36,11,1,14,low,39,18558
Math,115,15,5,56,low,4,28061
Chemistry,26,4,9,55,normal,115,58867
Chemistry,29,21,9,3,normal,118,72105
Biology,21,13,4,50,normal,19,84578
Chemistry,11,22,3,16,high,102,6081
Physics,40,19,1,55,low,91,13855
Math,11,34,2,19,normal,45,67696
CS,36,14,8,51,high,43,27026
Chemistry,113,4,1,18,normal,13,52983
Physics,59,46,8,52,normal,13,41082
CS,39,27,7,16,low,60,4369
Math,104,29,8,8,high,57,27095
CS,99,47,6,60,low,86,46041
Physics,54,28,9,33,low,92,66767
CS,98,35,3,49,normal,52,83054
Biology,55,8,4,12,low,111,23992
CS,111,16,6,62,high,53,1302
Chemistry,24,42,8,53,low,109,28611
Chemistry,118,36,5,11,low,86,81464
Biology,22,30,3,5,low,43,34679
Physics,69,18,6,27,normal,83,24467
Chemistry,56,2,4,12,high,72,80441
Math,33,13,9,17,normal,116,40876
Chemistry,122,4,3,6,normal,72,26082
Chemistry,36,26,4,33,normal,42,24355
Physics,111,25,7,5,normal,90,18301
CS,20,30,7,57,normal,112,64385
Chemistry,83,11,4,28,high,115,60893
Biology,99,7,6,14,low,26,35526
CS,116,31,3,5,normal,23,26533
Math,107,44,6,54,normal,43,6465
Physics,81,10,2,56,high,77,16563
Math,62,39,8,59,high,28,55515
CS,123,13,2,33,low,9,74220
CS,109,31,7,62,high,20,32635
CS,107,7,9,50,low,56,61
Math,98,42,1,48,normal,83,9270
CS,73,42,8,41,normal,112,63144
Math,26,36,7,19,low,39,23066
CS,66,20,6,22,high,51,2896
Biology,117,4,6,5,low,12,80860
CS,73,7,6,59,high,79,12353
Math,73,1,9,2,normal,95,49738
Chemistry,40,44,2,30,high,55,32017
CS,17,45,1,47,low,78,61305
Chemistry,1,42,6,39,low,11,11963
Biology,89,47,8,4,normal,26,33303
Physics,61,13,3,33,high,42,85383
Biology,43,22,1,13,high,27,4012
CS,104,21,9,20,high,11,19783
Chemistry,42,22,1,54,normal,38,67692
Chemistry,25,28,3,7,high,98,39726
Math,39,9,8,15,low,43,9197
Chemistry,35,26,3,23,high,19,43460
Math,3,9,4,14,normal,64,78864
Physics,114,15,8,23,high,6,32770
CS,101,10,1,19,high,46,24701
Math,108,24,6,54,low,116,80357
Physics,44,42,1,29,high,102,76428
Chemistry,51,8,1,56,low,113,5270
Chemistry,94,24,8,20,low,42,43881
Physics,102,16,4,29,normal,92,8321
Chemistry,98,26,1,24,low,65,49590
Physics,12,27,7,18,low,99,76277
Math,19,37,5,63,normal,104,35898
Math,101,4,5,10,low,72,58566
Physics,44,24,1,41,normal,59,30931
Math,59,19,6,57,high,52,57234
Math,123,36,9,8,normal,118,82822
Math,49,39,9,26,low,47,14381
Biology,61,10,8,62,normal,120,76897
CS,17,25,5,29,low,7,70935
Chemistry,74,18,1,10,high,11,55831
Biology,57,19,9,17,normal,103,5530
Math,55,36,1,2,high,61,82988
Physics,113,10,8,6,low,68,49179
Math,47,33,5,58,low,25,6938
CS,12,5,3,5,high,12,39887
Math,62,47,7,28,normal,26,49700
Physics,80,35,7,62,normal,102,76397
CS,88,44,9,41,low,110,25280
Math,83,34,7,5,high,12,38107
CS,8,33,3,18,high,43,79738
Chemistry,95,21,1,26,normal,51,40545
Chemistry,21,17,8,20,normal,117,8998
Math,81,22,3,41,normal,37,85712
CS,87,37,8,49,high,46,40861
Physics,101,15,8,27,normal,53,3226
Math,118,35,5,49,normal,88,59471
Chemistry,80,28,1,12,low,80,63657
Chemistry,70,7,7,7,normal,121,51881
Math,72,32,5,59,normal,13,61079
CS,25,11,8,3,high,89,76291
Chemistry,82,10,9,10,high,125,56634
CS,89,9,7,34,low,118,26656
Chemistry,12,14,7,25,normal,54,43602
Chemistry,15,13,1,35,low,57,3115
Biology,59,25,4,16,high,116,26503
Chemistry,26,2,2,2,low,118,49769
Physics,105,35,2,60,high,4,48129
Math,109,7,2,24,low,75,20029
Math,26,21,4,10,low,96,55566
CS,47,18,1,38,normal,49,83124
Chemistry,32,3,4,22,low,7,35334
Physics,10,42,2,26,normal,110,3175
CS,16,39,5,43,normal,122,35399
Biology,71,41,3,55,normal,11,35930
CS,17,11,8,39,normal,92,4322
CS,23,39,4,27,low,54,55422
Chemistry,26,24,1,29,high,105,72636
Biology,85,46,1,47,high,87,23761
CS,86,19,3,38,high,45,11361
Physics,122,4,9,20,low,23,10314
Physics,7,26,7,27,normal,114,85999
Math,14,38,2,41,high,28,5802
Biology,79,42,9,54,low,107,14131
Biology,117,32,2,20,normal,111,14272
Math,7,39,3,44,high,57,16076
CS,9,45,2,19,normal,26,18985
Biology,115,46,3,20,high,25,60943
Physics,48,36,6,35,high,54,12862
Physics,72,40,9,47,high,29,82204
Chemistry,114,37,9,2,normal,83,71377
Biology,59,33,7,30,low,97,61248
CS,87,36,3,53,normal,36,69102
Math,93,3,4,34,high,14,20978
Math,82,9,6,22,normal,78,50618
CS,95,8,5,3,low,35,57474
Chemistry,94,33,2,6,normal,30,72903
Math,116,6,6,15,low,92,15631
Biology,39,41,3,27,low,17,20057
Chemistry,99,39,8,10,normal,67,7383
Biology,18,4,2,9,high,80,55740
Physics,59,13,1,33,low,110,81686
Chemistry,106,2,9,32,normal,30,48640
Math,103,5,3,48,low,116,59839
Chemistry,17,44,1,6,high,93,46042
Chemistry,14,27,7,41,normal,45,993
Chemistry,31,32,5,59,normal,79,72395
Chemistry,24,21,5,36,normal,110,67658
Biology,99,8,1,59,high,120,27161
Physics,108,38,9,60,low,89,45157
CS,60,8,7,2,normal,51,51376
Chemistry,45,3,8,29,low,102,19573
Math,98,44,9,4,low,106,4137
Chemistry,3,3,6,1,high,123,61869
Math,37,22,5,19,normal,47,82264
Biology,43,6,6,26,low,53,32168
Math,40,2,2,25,normal,64,15480
CS,90,23,4,10,normal,118,31377
Physics,55,44,3,53,high,116,4824
Math,87,2,7,15,normal,122,70457
Math,108,38,9,59,normal,38,19586
Physics,39,17,5,22,low,64,17273
CS,15,35,6,51,high,87,26620
Chemistry,120,34,2,48,normal,89,75070
Math,113,23,3,21,low,106,39896
Physics,4,30,3,59,high,7,3721
Biology,93,8,9,56,high,22,19268
Physics,86,22,7,22,low,81,15697
Biology,25,44,8,36,low,82,29969
CS,13,36,9,34,low,113,53365
Chemistry,82,5,6,30,low,41,23346
Physics,33,13,4,25,low,74,51568
Math,16,29,1,45,normal,10,61608
CS,109,31,8,28,normal,57,19386
Physics,42,47,7,1,high,7,83659
Math,108,16,2,49,normal,112,66901
Physics,126,42,8,45,normal,125,68245
Biology,66,30,5,4,normal,50,65426
Physics,55,16,7,7,low,102,78519
Physics,99,12,4,49,high,91,82845
Physics,42,17,5,9,high,52,32920
CS,34,16,8,36,high,33,57197
Physics,30,12,1,19,high,1,79402
Math,123,8,1,1,normal,108,496
Biology,119,20,4,10,normal,53,44756
Biology,13,3,3,36,low,60,67685
Physics,13,16,2,9,high,34,33325
CS,18,30,3,45,normal,4,78930
CS,32,45,1,46,normal,17,1553
Math,96,23,1,42,low,4,51273
Physics,99,28,6,32,low,43,35854
Biology,123,40,5,32,low,118,32925
CS,39,5,8,6,normal,90,74463
Physics,46,20,2,48,normal,4,23890
CS,116,40,4,38,low,1,54676
CS,29,44,8,17,high,71,73592
Biology,62,1,6,10,low,94,70191
Chemistry,113,30,1,50,low,50,22635
Math,93,21,4,27,low,73,32364
Math,62,20,1,54,low,61,63753
Biology,117,6,2,50,normal,35,77005
CS,108,22,5,35,high,8,56399
Physics,57,18,8,52,low,125,40719
CS,16,8,8,59,high,24,82917
Biology,56,39,3,21,high,83,26871
Math,108,32,4,63,high,36,37395
CS,111,33,6,25,low,50,52058
Math,121,16,3,28,normal,116,79796
Physics,10,12,2,47,low,123,80410
Math,30,38,6,15,high,43,13017
Math,25,34,5,4,high,27,42138
Chemistry,127,14,5,29,normal,32,154
Chemistry,103,36,5,59,low,78,7854
Chemistry,84,33,5,9,high,121,12380
Math,5,23,3,27,normal,18,15793
Biology,65,45,7,26,high,28,38368
Math,94,2,6,19,normal,124,18101
Biology,49,41,4,56,normal,29,63457
Biology,3,21,2,28,low,16,11050
Chemistry,45,2,9,17,high,99,787
CS,14,27,1,43,low,47,69905
Physics,120,9,4,57,high,123,30700
Chemistry,30,1,1,41,low,59,47692
Chemistry,114,11,6,42,high,31,37041
CS,68,3,4,50,low,4,57987
Physics,18,23,5,20,normal,37,38763
Math,62,26,5,45,high,17,23601
Math,37,4,9,40,high,39,19811
Chemistry,25,18,1,39,normal,48,85704
Physics,48,6,2,49,low,46,57205
Chemistry,65,35,6,53,high,90,20086
Biology,53,22,5,23,high,48,46855
Chemistry,110,43,7,47,low,39,74798
Chemistry,79,15,3,32,normal,105,84270
Math,73,22,3,52,low,4,39780
Math,15,37,2,47,low,30,56208
Math,49,42,3,63,low,30,33981
Biology,121,12,1,33,high,22,56118
Math,88,47,5,57,normal,75,14142
Physics,68,42,5,46,normal,66,9345
CS,12,38,7,5,low,108,15897
Physics,59,18,4,43,high,12,29814
Physics,122,45,3,48,low,94,84432
Math,37,35,1,34,high,36,65680
CS,61,30,8,40,high,18,10682
CS,101,24,3,11,high,90,72904
CS,43,42,2,61,high,53,3229
Biology,124,30,4,50,normal,127,4583
Math,70,14,3,3,high,71,78684
CS,39,6,1,62,high,125,11398
Biology,56,3,3,58,low,1,38800
Chemistry,63,16,2,33,low,127,37012
Chemistry,46,7,8,11,normal,58,79184
Biology,88,14,6,16,low,90,44265
Biology,11,9,9,18,high,87,42318
Math,62,15,8,30,low,90,47915
Math,77,21,3,48,normal,109,84634
Chemistry,98,35,5,55,low,6,45255
CS,25,2,7,10,low,70,40097
Chemistry,71,27,5,18,normal,44,53786
CS,52,2,8,38,normal,72,52345
CS,4,35,5,63,high,24,82644
Math,59,18,1,19,low,86,68547
Physics,72,14,5,36,high,19,71092
Physics,20,20,4,59,low,101,65604
Biology,93,18,6,63,low,18,28413
Math,63,10,3,13,high,95,51659
CS,54,25,5,56,low,126,49550
Physics,117,2,2,46,low,101,11550
CS,115,25,6,3,low,30,71217
Physics,109,33,6,10,normal,121,25740
Physics,110,36,5,38,high,42,21210
Physics,74,31,6,1,normal,33,15117
Math,107,14,7,55,high,74,20046
Chemistry,98,1,5,56,high,101,26328
CS,57,46,1,27,low,12,35710
Math,90,16,8,46,high,118,43618
Math,41,46,4,8,normal,94,60140
Math,113,3,9,51,normal,27,26906
Math,122,35,6,46,normal,39,64149
Math,3,41,1,42,high,9,72604
Biology,120,6,3,17,normal,118,42920
CS,6,25,3,9,high,21,83522
Math,5,13,4,61,normal,76,83401
CS,5,34,6,6,normal,119,58447
Biology,54,8,7,43,high,29,52429
Biology,47,21,4,25,normal,33,47895
CS,87,34,6,39,low,107,81150
Physics,49,4,1,49,high,62,6448
Chemistry,9,25,8,60,high,117,5500
Physics,99,15,7,28,high,15,39042
Physics,20,4,9,33,low,2,31316
Physics,122,45,3,54,high,52,1300
Math,113,12,2,37,normal,103,4995
Biology,61,32,1,9,normal,117,81164
Physics,123,32,3,18,normal,44,7490
Biology,106,28,5,56,high,54,32356
CS,35,13,2,59,normal,18,73806
Chemistry,50,31,3,21,high,3,68368
CS,82,14,4,2,normal,7,77356
CS,62,20,7,61,low,43,1997
Math,17,18,3,58,low,82,44388
Chemistry,88,29,9,43,low,108,3090
CS,3,6,8,59,low,38,20660
CS,32,32,4,60,high,37,45179
Chemistry,99,29,1,38,normal,58,81269
Chemistry,102,43,1,58,low,33,85043
CS,13,2,1,40,high,108,70727
Chemistry,120,23,1,36,low,59,70112
CS,125,19,8,50,low,95,34566
CS,111,31,3,60,high,122,22885
Math,89,5,6,43,high,11,17200
Physics,73,19,3,37,normal,68,60039
CS,68,34,5,15,normal,123,57787
Biology,14,10,7,28,low,82,49295
Physics,101,25,2,18,low,68,78016
Physics,98,2,6,34,normal,113,34179
Physics,11,11,6,63,normal,98,12666
Math,105,31,3,22,high,93,535
CS,56,15,6,11,normal,88,36133
Math,67,9,5,58,normal,22,36111
CS,123,23,2,57,low,66,58755
Math,92,19,9,13,normal,44,63581
Math,29,9,8,4,low,127,22470
Biology,9,35,3,22,normal,6,64017
Math,67,21,8,7,high,42,46234
Chemistry,25,9,9,61,normal,25,66709
Biology,98,28,3,43,normal,119,58233
Math,76,46,3,54,normal,57,34410
Physics,42,7,2,24,low,85,19325
Chemistry,9,16,8,4,high,55,8739
Chemistry,79,16,1,28,normal,123,24055
Chemistry,40,33,8,15,low,16,29710
Biology,25,4,7,1,high,95,85644
Math,5,4,7,55,low,14,364
Math,11,39,3,3,low,39,10359
Physics,59,40,1,14,high,28,3241
Physics,98,17,4,38,normal,96,72202
Chemistry,88,37,9,50,low,92,45690
Physics,124,39,5,57,low,51,1937
Biology,79,29,1,1,normal,119,43966
Math,38,36,5,38,normal,49,77535
Chemistry,72,38,8,38,high,9,883
Physics,123,39,8,21,high,58,20225
Biology,5,37,5,48,high,45,30826
Biology,48,35,9,29,normal,22,70741
Physics,90,7,1,5,low,32,28886
Math,18,27,4,49,low,69,40057
Physics,70,28,3,10,high,87,3204
Chemistry,37,22,2,28,normal,69,60242
Physics,60,14,8,21,low,42,2245
Biology,48,7,7,50,high,53,68620
Physics,77,37,9,7,low,96,21585
Math,28,22,2,3,low,59,8522
CS,69,5,4,45,normal,74,50018
Physics,77,2,6,47,normal,123,33542
Math,81,27,3,20,low,39,29064
Math,114,21,8,19,high,122,70269
Biology,40,38,3,35,normal,15,64953
Math,45,15,2,4,low,71,39564
Math,96,21,3,5,normal,29,39753
Math,62,10,6,1,normal,123,2568
Math,93,23,2,4,normal,111,16122
Chemistry,115,39,8,12,low,3,1675
Chemistry,58,5,1,60,high,83,76412
Biology,67,1,7,27,high,10,66276
Physics,56,13,2,56,high,92,67082
Math,40,21,6,42,normal,29,29141
Physics,98,26,2,23,low,79,9328
Physics,40,45,2,25,normal,35,70664
Biology,91,21,8,21,high,6,23332
Math,77,18,2,61,high,12,23005
Math,109,37,7,63,low,111,10493
CS,33,45,3,58,normal,38,54798
Physics,6,32,8,52,high,77,58096
Physics,88,36,7,24,low,93,13750
Chemistry,19,17,8,25,normal,19,63218
CS,80,35,7,45,normal,67,9046
Chemistry,40,11,6,55,high,8,20117
Chemistry,92,21,7,46,high,8,18668
Chemistry,97,26,5,32,normal,119,75058
Biology,59,4,7,55,normal,122,74206
Biology,59,34,1,32,high,84,27303
Chemistry,48,18,1,5,normal,47,11284
CS,41,40,9,36,high,4,30936
Physics,13,35,5,46,normal,51,72535
CS,107,41,5,42,high,85,31625
Math,45,29,3,49,low,67,13441
Biology,89,29,5,42,high,45,46502
Physics,53,38,3,58,high,8,1270
Physics,42,42,9,39,low,87,7869
Math,100,21,9,16,normal,16,30252
Math,63,42,6,33,low,77,77910
Chemistry,27,13,1,49,high,67,84524
Biology,38,41,7,21,normal,112,38730
Biology,60,17,7,61,low,9,15735
CS,7,9,4,9,normal,60,42430
Chemistry,5,41,8,6,normal,78,41338
Chemistry,107,1,6,51,low,77,40326
Chemistry,45,2,4,45,normal,117,83601
Chemistry,58,29,4,35,low,121,62515
Biology,121,33,2,39,high,71,8434
Biology,115,10,2,22,normal,15,9112
Chemistry,31,40,4,41,high,71,63754
CS,23,21,5,54,high,102,80584
Physics,42,28,8,5,normal,98,73621
Physics,10,11,6,42,low,41,21752
CS,32,34,4,23,normal,22,16454
Chemistry,107,8,7,17,high,24,85845
Biology,53,22,8,12,high,113,38969
Physics,30,8,2,23,low,101,30078
Math,39,15,7,16,normal,44,34776
Math,31,17,2,3,high,1,58145
CS,82,23,2,30,high,10,48571
Chemistry,100,24,8,57,high,107,46098
Physics,2,45,2,63,low,80,24504
Chemistry,78,19,9,22,high,110,2780
Physics,77,5,1,9,high,72,756
CS,93,32,9,29,normal,56,39264
CS,12,44,1,47,normal,113,55088
Math,39,1,2,37,high,89,42282
Chemistry,66,23,6,23,high,50,51483
Math,96,37,6,13,normal,12,54858
Chemistry,13,8,1,32,low,89,17401
Math,46,13,7,46,low,81,40116
Biology,27,8,8,52,low,60,14250
Biology,113,23,2,47,low,26,46826
Biology,105,43,8,48,low,110,24601
Biology,17,1,9,23,low,112,37707
Physics,104,45,6,45,low,78,19223
Biology,95,24,5,17,low,41,41140
CS,98,35,9,55,normal,36,41303
CS,60,24,9,40,low,121,68160
Physics,64,17,1,21,low,23,8647
Biology,88,5,3,2,low,43,13544
Biology,109,20,9,37,high,6,22786
Biology,35,21,2,6,normal,111,78354
Math,112,40,4,44,normal,69,31407
Chemistry,70,31,4,18,normal,43,51429
Math,83,46,2,30,low,25,23778
Chemistry,30,36,3,22,low,18,57940
Biology,71,11,3,54,high,62,53027
Biology,74,15,1,33,normal,13,29554
Math,105,19,6,30,low,43,23549
Math,96,7,8,17,normal,78,63222
Chemistry,98,28,3,62,high,28,37266
CS,63,43,5,43,high,18,40702
Chemistry,28,5,1,32,high,59,51288
Math,60,5,7,42,normal,60,6728
Math,79,30,1,51,low,63,50718
Physics,94,32,9,14,low,57,32428
Math,37,8,8,58,high,92,16693
Physics,93,10,7,10,low,51,31626
CS,22,38,7,47,high,56,24919
Chemistry,68,47,5,60,normal,27,41137
Chemistry,20,32,5,51,high,32,52410
Physics,96,28,5,36,normal,111,15578
Chemistry,100,17,1,34,high,9,85156
Math,114,31,8,9,low,104,81732
Biology,68,8,1,42,low,96,27690
Physics,91,40,4,28,high,84,11155
Chemistry,64,25,9,11,low,92,21342
Physics,17,9,9,14,low,97,74682
Physics,12,2,5,39,low,68,46331
Biology,22,15,4,55,normal,46,68417
Math,17,3,3,47,low,121,33314
Physics,10,36,3,54,normal,98,46901
Chemistry,118,4,5,63,high,112,78841
CS,65,14,1,19,low,67,34696
Physics,22,41,5,54,low,26,30226
Physics,90,41,6,15,low,8,86073
Biology,120,25,7,62,high,6,49157
Math,123,10,9,28,normal,80,77210
CS,82,21,3,24,normal,24,27830
Chemistry,50,36,2,8,low,48,80909
CS,14,12,3,43,high,103,25939
Chemistry,64,27,9,61,high,94,59165
Math,47,40,7,9,high,45,54531
Chemistry,29,2,9,47,high,13,68200
Biology,76,13,2,33,high,69,60283
Biology,36,32,5,62,normal,25,47802
Biology,123,31,4,33,normal,20,9466
Biology,99,16,2,19,normal,118,3327
CS,52,32,9,3,low,82,3660
Math,125,32,9,10,high,111,60290
Chemistry,76,34,6,40,low,82,27595
Chemistry,7,11,6,47,high,66,4764
Biology,29,10,8,42,normal,74,10829
Biology,11,15,6,1,low,119,47589
Physics,33,17,1,29,normal,45,11222
Math,6,40,4,50,high,114,11212
CS,111,18,7,34,high,47,13570
Chemistry,79,9,2,51,high,63,37861
Physics,32,25,9,13,normal,76,71559
Physics,51,40,8,54,high,111,45338
Chemistry,75,14,8,1,normal,77,52312
CS,58,25,7,34,low,114,13516
Physics,87,22,4,29,high,111,71696
Physics,26,30,2,48,high,121,24905
Math,98,20,3,47,high,55,59936
CS,46,21,6,13,low,75,43791
Physics,98,44,5,48,high,19,68581
CS,29,32,8,49,normal,35,75149
Chemistry,4,46,6,53,normal,103,5637
Biology,81,21,6,61,high,53,77130
Physics,99,35,1,29,high,26,2893
Math,13,32,4,39,low,110,21673
Chemistry,105,30,5,24,low,14,5813
CS,39,39,3,26,low,118,655
Chemistry,15,12,9,17,high,45,54634
Physics,119,41,1,7,low,44,17144
CS,29,47,6,13,low,88,55935
Biology,29,18,6,5,normal,105,67335
Chemistry,75,21,5,26,low,65,29088
Physics,116,13,5,49,normal,51,11619
Math,32,21,5,3,normal,43,8447
CS,2,8,6,7,low,119,48868
Chemistry,47,46,8,58,normal,86,51029
Chemistry,78,40,2,49,high,23,60102
Biology,84,46,6,39,high,56,27201
Biology,22,7,1,53,low,118,61466
Math,75,23,4,1,high,19,39149
Math,27,44,3,49,normal,82,82929
Physics,67,32,9,62,high,76,20699
Physics,81,11,3,17,low,55,42471
Math,126,22,6,43,low,92,51661
Math,108,22,1,25,normal,92,53911
CS,56,43,6,59,low,60,35451
Biology,92,25,4,61,high,59,56464
Physics,93,22,8,3,low,33,33758
Biology,21,28,9,15,normal,19,78013
Biology,47,29,4,29,low,28,70248
Math,80,13,6,53,high,123,72016
CS,101,18,1,43,normal,52,31391
Chemistry,59,2,4,32,high,125,56117
CS,84,29,7,26,normal,126,13162
CS,6,21,1,60,low,49,32153
Biology,19,15,8,16,normal,37,80172
CS,57,27,6,25,normal,26,20837
Physics,69,31,5,54,low,99,66544
Biology,3,15,9,28,high,98,55649
Physics,123,23,2,9,low,127,26332
Chemistry,1,24,5,56,normal,99,10764
Biology,58,44,6,56,low,40,69445
Chemistry,124,13,7,1,normal,80,19188
Biology,38,22,5,29,low,38,11958
Math,15,43,9,57,low,77,4380
CS,34,37,1,22,high,126,27960
Math,61,33,7,16,normal,87,82019
Chemistry,35,3,7,41,high,124,27106
CS,64,19,4,51,normal,54,878
Biology,113,23,9,44,low,22,48354
CS,25,29,5,51,normal,16,83789
Physics,24,30,4,54,high,28,84586
CS,12,39,7,41,high,112,83309
Physics,18,44,4,7,high,35,51568
CS,15,47,3,14,normal,60,57914
Physics,108,25,9,29,high,45,2638
Chemistry,80,37,8,19,high,46,72779
Math,27,47,1,19,high,72,42026
Biology,72,8,7,2,low,108,82465
CS,60,42,9,41,low,55,28743
Math,46,16,8,45,normal,119,11832
Biology,89,8,8,15,normal,86,85093
Biology,17,1,6,3,high,85,46763
Physics,93,44,4,11,low,26,18831
Chemistry,53,5,8,53,high,104,55045
Chemistry,8,3,3,46,high,85,73949
Math,79,1,9,30,low,25,69203
Chemistry,27,4,2,57,low,105,37046
CS,46,40,2,40,low,65,86323
Chemistry,50,35,7,18,normal,6,71052
Math,116,32,4,51,normal,23,26628
Chemistry,71,42,8,48,high,115,15199
CS,3,34,9,2,normal,64,69522
Physics,93,43,7,32,low,87,29476
Math,64,25,5,8,low,43,19404
Physics,44,10,8,22,normal,107,3682
Physics,53,21,4,6,high,23,42293
Physics,24,46,2,12,high,96,5630
Biology,60,39,6,47,normal,30,77815
Biology,122,27,9,57,high,77,8418
Physics,3,27,1,40,high,107,34766
Math,20,2,7,36,high,18,74500
CS,46,41,9,15,low,87,56575
CS,15,13,9,28,low,79,27676
Chemistry,25,9,3,52,normal,97,72268
Math,94,36,5,57,low,21,40564
Biology,78,22,8,49,high,57,11333
Physics,71,42,8,45,low,103,19178
Chemistry,17,26,4,18,normal,23,68448
CS,126,12,1,2,low,91,57105
Biology,108,17,1,13,high,45,84336
Biology,84,14,4,45,high,44,80731
Physics,100,14,6,54,normal,82,4952
CS,9,34,8,15,low,88,28334
Math,38,20,6,20,low,115,21674
Biology,48,11,9,29,low,47,40871
Physics,121,16,9,59,high,40,71102
Math,60,31,2,42,normal,51,22822
CS,63,6,1,29,low,42,25495
Biology,86,19,2,3,high,7,74161
Math,118,37,5,19,high,50,836
Math,117,4,4,3,high,48,18647
Math,117,47,4,54,low,84,77361
Biology,2,4,9,14,low,91,37336
Biology,88,20,8,40,low,6,69352
Chemistry,72,10,6,59,low,91,2430
CS,11,24,1,55,low,9,41951
Physics,64,35,2,62,low,117,60655
Math,77,26,6,4,low,109,68144
Chemistry,81,37,2,59,low,57,77528
Physics,72,38,5,60,low,31,31100
Chemistry,21,21,5,52,high,21,39386
Biology,18,40,6,11,low,90,35920
Math,94,39,6,58,normal,40,60783
Physics,64,21,6,31,high,112,71117
Physics,82,10,2,43,low,45,72591
Physics,110,38,3,32,normal,77,40388
Physics,111,46,6,27,low,49,15824
Physics,95,4,8,30,normal,87,46016
Chemistry,38,45,1,43,normal,20,15340
Math,32,20,1,2,normal,101,3492
Biology,11,17,2,62,normal,118,707
Biology,45,7,6,49,high,117,15729
Biology,89,4,9,9,high,92,6998
Biology,33,29,4,28,normal,17,60409
Chemistry,124,14,3,31,low,28,58098
CS,102,3,8,60,normal,41,38524
Math,41,24,9,34,high,66,25164
Physics,8,37,5,61,low,25,17719
CS,11,16,9,56,high,58,83768
Biology,86,4,2,15,high,114,39620
CS,51,24,3,48,low,41,12127
Math,88,34,7,25,normal,6,64927
Physics,41,30,7,36,normal,75,40634
Physics,17,18,6,8,normal,121,77655
Math,76,19,6,9,normal,125,3318
Math,121,31,2,58,low,38,44981
Biology,46,19,6,58,low,6,44116
Physics,32,46,4,37,low,45,61647
CS,79,19,3,48,high,75,43159
Chemistry,80,22,2,45,low,14,55964
Chemistry,54,24,1,62,normal,66,47632
Math,86,45,5,39,high,40,49317
Biology,92,12,2,32,normal,3,59343
Chemistry,20,30,2,58,normal,119,15505
Physics,33,38,7,52,low,117,68594
Math,74,31,8,17,low,99,26661
CS,40,36,8,35,normal,97,37197
Math,32,19,4,37,normal,24,65939
CS,114,45,1,19,high,19,8606
Math,124,36,7,44,low,18,57389
Math,97,30,1,29,high,64,81298
Math,2,33,4,59,high,113,55502
CS,97,18,8,7,high,116,53310
CS,33,28,2,28,normal,125,27044
Math,105,47,6,9,high,88,33636
Chemistry,77,11,6,63,high,109,79316
Biology,30,45,9,28,normal,35,80692
Biology,33,33,5,6,low,62,33133
Biology,77,17,4,29,low,1,15367
CS,116,6,5,58,high,100,72108
CS,26,4,5,17,normal,25,62581
Chemistry,22,20,8,16,low,45,57890
Biology,103,47,8,23,high,49,79554
Biology,66,27,2,31,high,124,39237
Math,38,15,7,3,normal,126,4151
CS,103,6,8,21,high,107,19424
Biology,90,47,6,26,low,98,4138
Chemistry,46,14,5,36,normal,89,29993
Chemistry,122,11,9,42,low,16,44922
Biology,114,39,3,37,low,98,79370
CS,15,9,4,53,low,93,66918
Chemistry,98,26,9,22,high,19,73691
Math,106,16,6,62,high,23,34236
Chemistry,119,5,8,42,low,83,78976
Physics,44,10,7,12,low,25,19123
Physics,49,3,2,42,normal,16,23957
CS,104,13,3,61,normal,54,63880
Biology,75,43,1,13,high,115,58561